Minnesota Timberwolves,Corey Brewer,249px,-4,17px,0,168px,null,65px,+2,249px,-3,0px,null,249px,-9
Minnesota Timberwolves,Kevin Love,249px,-4,120px,+2,80px,null,49px,+3,248px,-3,0px,null,44px,-4,68px,null,137px,+1
Minnesota Timberwolves,Kevin Martin,195px,-12,71px,null,233px,+2,192px,-1,141px,null,166px,-3
Minnesota Timberwolves,Nikola Pekovic,250px,-4,120px,null,130px,0,192px,-1,101px,null,205px,-5
Minnesota Timberwolves,Ricky Rubio,93px,-4,234px,null,171px,0,249px,-3,0px,null,11px,-2,23px,null,215px,-5
Minnesota Timberwolves,Jose Barea,99px,null,150px,0,180px,0,334px,null,68px,-4,167px,null
Minnesota Timberwolves,Robbie Hummel,195px,null,54px,+8,78px,+2,363px,null,57px,-2,0px,null,34px,-4,215px,null
Minnesota Timberwolves,Dante Cunningham,249px,null,200px,-1,242px,null,57px,-2,0px,null,108px,-10,141px,null
Indiana Pacers,Paul George,250px,+4,185px,null,65px,-2,249px,+3,0px,null,249px,+9
Indiana Pacers,Roy Hibbert,249px,+4,153px,null,96px,-3,1px,null,140px,0,284px,null,74px,0
Indiana Pacers,George Hill,250px,+4,78px,null,171px,0,249px,+3,112px,null,138px,-1
Indiana Pacers,Lance Stephenson,139px,+10,110px,null,78px,-2,171px,null,192px,+1,101px,null,206px,+5
Indiana Pacers,David West,157px,+8,229px,null,113px,-2,249px,+3,183px,null,67px,0
Indiana Pacers,Orlando Johnson,139px,null,110px,-6,180px,0,261px,null,57px,+2,0px,null,44px,+4,205px,null
Indiana Pacers,Luis Scola,157px,null,92px,-4,130px,0,369px,null,183px,+9,67px,null
Indiana Pacers,Ian Mahinmi,249px,null,149px,+1,246px,null,104px,+3,0px,null,169px,+9,80px,null
Indiana Pacers,C.J. Watson,250px,null,250px,-2,250px,null,108px,+10,141px,null
