New York Knicks,Carmelo Anthony,250px,-3,65px,null,184px,+7,250px,+11,63px,null,186px,-11
New York Knicks,Andrea Bargnani,191px,+3,144px,null,160px,+11,4px,null,247px,+11,65px,null,186px,-11
New York Knicks,Kenyon Martin,143px,-5,105px,null,63px,-10,89px,null,92px,+8,4px,null,118px,+8,128px,null,2px,0,63px,+2,186px,null
New York Knicks,Pablo Prigioni,250px,-3,112px,null,138px,+10,242px,+11,84px,null,172px,-8
New York Knicks,Iman Shumpert,172px,-2,131px,null,78px,-7,117px,null,232px,+11,15px,null,2px,0,249px,null
New York Knicks,Amar'e Stoudemire,144px,null,106px,+2,147px,-11,221px,null,131px,+3,246px,-9,2px,null
New York Knicks,J.R. Smith,172px,null,77px,-1,85px,-14,46px,null,117px,+11,232px,null,17px,0,250px,-9
New York Knicks,Tim Hardaway,191px,null,58px,-6,54px,-7,445px,null,63px,+2,183px,null,3px,0
New York Knicks,Beno Udrih,250px,null,112px,-13,388px,null,77px,-1,172px,null
New York Knicks,Cole Aldrich,500px,null,0px,0,501px,null
New York Knicks,Metta World Peace,500px,null,0px,0,501px,null
Boston Celtics,Brandon Bass,250px,+3,112px,null,138px,-10,250px,-11,127px,null,121px,+7
Boston Celtics,Avery Bradley,237px,0,159px,null,103px,-10,119px,-8,194px,null,186px,+11
Boston Celtics,Jordan Crawford,172px,+2,223px,null,103px,-10,199px,-13,113px,null,182px,+11,5px,null
Boston Celtics,Jeff Green,187px,-3,216px,null,97px,-8,119px,-8,194px,null,185px,+11
Boston Celtics,Jared Sullinger,172px,+2,77px,null,111px,+13,35px,null,103px,-10,129px,-7,120px,null,126px,+2,122px,null
Boston Celtics,Vitor Faverani,173px,null,65px,-2,538px,null,224px,+13
Boston Celtics,Gerald Wallace,172px,null,77px,+1,147px,+11,221px,null,130px,-3,63px,-2,183px,null,3px,0
Boston Celtics,Courtney Lee,187px,null,63px,+6,140px,+13,228px,null,131px,-3,63px,-2,185px,null
Boston Celtics,Kelly Olynyk,236px,null,13px,+3,140px,+13,239px,null,120px,-4,25px,-4,224px,null
Boston Celtics,Phil Pressey,236px,null,13px,+3,140px,+13,309px,null,50px,+2,63px,-2,186px,null
