Sacramento Kings,Reggie Evans,186px,-10,213px,null,99px,0,0px,null,94px,-9,406px,null
Sacramento Kings,Rudy Gay,186px,-10,239px,null,74px,+4,0px,null,141px,-7,248px,null,109px,0
Sacramento Kings,Aaron Gray,152px,-8,347px,null,250px,-4,249px,null,1px,0
Sacramento Kings,Ben McLemore,145px,-8,352px,null,0px,0,0px,null,94px,-9,256px,null,142px,-4,7px,null
Sacramento Kings,Isaiah Thomas,249px,-3,175px,null,74px,+4,0px,null,249px,-4,139px,null,111px,0
Sacramento Kings,Ray McCallum,145px,null,104px,+5,169px,0,330px,null,132px,+1,118px,null
Sacramento Kings,Jason Thompson,152px,null,97px,+5,213px,0,134px,null,152px,+5,164px,+1,85px,null
Sacramento Kings,Quincy Acy,186px,null,63px,+7,143px,+4,75px,null,23px,+4,257px,null,132px,+1,32px,null,84px,0
Sacramento Kings,Derrick Williams,186px,null,63px,+7,169px,0,229px,null,100px,+3,248px,+1,2px,null
Sacramento Kings,Travis Outlaw,249px,null,249px,+4,98px,null,152px,+5,96px,+2,149px,null,4px,+3
Minnesota Timberwolves,Corey Brewer,232px,+5,130px,null,136px,+1,0px,null,249px,+4,41px,-4,183px,null,25px,+3
Minnesota Timberwolves,Gorgui Dieng,186px,+10,63px,null,249px,-4,0px,null,249px,+4,86px,-2,163px,null,0px,0
Minnesota Timberwolves,Kevin Love,249px,+3,113px,null,136px,+1,0px,null,249px,+4,86px,null,164px,+1
Minnesota Timberwolves,Kevin Martin,248px,+3,16px,+4,97px,null,135px,+1,0px,null,248px,+4,103px,-3,83px,null,62px,-3,2px,null
Minnesota Timberwolves,Ricky Rubio,186px,+10,177px,null,136px,+1,0px,null,229px,+1,129px,null,140px,+2
Minnesota Timberwolves,Jose Barea,186px,null,63px,-7,109px,-5,370px,null,20px,+3,182px,+2,67px,null
Minnesota Timberwolves,Dante Cunningham,186px,null,63px,-7,109px,-5,390px,null,219px,-4,29px,null,1px,0
Minnesota Timberwolves,Luc Mbah a Moute,238px,null,12px,-2,109px,-5,641px,null
Minnesota Timberwolves,Chase Budinger,274px,null,85px,-9,642px,null
Minnesota Timberwolves,Robbie Hummel,792px,null,208px,+3,1px,null
